{"BTCUSDT": {"Upper": 30670.51, "Lower": 28019.56, "Middle": 29345.035}, "ETHUSDT": {"Upper": 2088.5, "Lower": 1712.67, "Middle": 1900.585}, "BNBUSDT": {"Upper": 337.9, "Lower": 290.6, "Middle": 314.25}, "ADAUSDT": {"Upper": 0.5595, "Lower": 0.4488, "Middle": 0.50415}, "SOLUSDT": {"Upper": 54.68, "Lower": 39.93, "Middle": 47.305}, "AVAXUSDT": {"Upper": 33.08, "Lower": 21.67, "Middle": 27.375}, "DOTUSDT": {"Upper": 10.8, "Lower": 8.56, "Middle": 9.68}, "MATICUSDT": {"Upper": 0.701, "Lower": 0.565, "Middle": 0.633}, "DOGEUSDT": {"Upper": 0.0884, "Lower": 0.075, "Middle": 0.0817}, "ATOMUSDT": {"Upper": 12.34, "Lower": 9.05, "Middle": 10.695}, "LTCUSDT": {"Upper": 74.0, "Lower": 60.4, "Middle": 67.2}, "LINKUSDT": {"Upper": 7.81, "Lower": 6.22, "Middle": 7.015}, "UNIUSDT": {"Upper": 6.08, "Lower": 4.67, "Middle": 5.375}, "MANAUSDT": {"Upper": 1.1399, "Lower": 0.909, "Middle": 1.0244499999999999}, "AXSUSDT": {"Upper": 23.56, "Lower": 17.88, "Middle": 20.72}, "AAVEUSDT": {"Upper": 109.8, "Lower": 88.4, "Middle": 99.1}, "TRXUSDT": {"Upper": 0.08836, "Lower": 0.07017, "Middle": 0.079265}, "CRVUSDT": {"Upper": 1.419, "Lower": 1.087, "Middle": 1.2530000000000001}, "ZECUSDT": {"Upper": 112.3, "Lower": 82.1, "Middle": 97.19999999999999}, "APEUSDT": {"Upper": 8.4999, "Lower": 5.796, "Middle": 7.14795}, "Time": "2022-05-27 08:00:00"}